{"0.0": 0.83319491147995, "0.1": 0.7758756279945374, "0.2": 0.8924317955970764, "0.3": 0.909783124923706, "1.0": 0.8934642672538757, "1.1": 0.9400787949562073, "1.2": 0.9383060336112976, "1.3": 0.8829233646392822, "2.0": 0.8560925722122192, "2.1": 0.9519838094711304, "2.2": 0.9662688374519348, "2.3": 0.8865303993225098, "3.0": 0.8433184027671814, "3.1": 0.8779529929161072, "3.2": 0.9403456449508667, "3.3": 0.9787604212760925, "4.0": 0.9062123894691467, "4.1": 0.8945456147193909, "4.2": 0.8933990597724915, "4.3": 0.9140151739120483, "5.0": 0.8788124322891235, "5.1": 0.9700750112533569, "5.2": 0.944087028503418, "5.3": 0.9687022566795349}